<mujoco model="MyoArm_v0.01">
<!-- =================================================
    Copyright 2020 Vikash Kumar, Vittorio Caggiano, Guillaume Durandau
    Model   :: Myo Hand (MuJoCoV2.0)
    Author  :: Vikash Kumar (vikashplus@gmail.com), Vittorio Caggiano, Huawei Wang
    source  :: https://github.com/vikashplus
    License :: Under Apache License, Version 2.0 (the "License"); you may not use this file except in compliance with the License. You may obtain a copy of the License at http://www.apache.org/licenses/LICENSE-2.0 Unless required by applicable law or agreed to in writing, software distributed under the License is distributed on an "AS IS" BASIS, WITHOUT WARRANTIES OR CONDITIONS OF ANY KIND, either express or implied. See the License for the specific language governing permissions and limitations under the License.
====================================================== -->

    <include file="assets/myoarm_assets.xml"/>
    <include file="../scene/myosuite_scene.xml"/>
    <compiler meshdir=".." texturedir=".."/>

    <asset>
        <!-- pick a body mesh below -->
        <!-- <mesh file="../myo_sim/meshes/human_lowpoly_norighthand.stl" name="human_body"/> -->
        <mesh file="../myo_sim/meshes/human_lowpoly_nohand.stl" name="human_body"/>
    </asset>

    <worldbody>

        <geom name="body" type="mesh" mesh="human_body" euler="0 0 3.14" contype="0" conaffinity="0"/>
        <body name="full_body" pos="-.025 0.1 1.40">
            <include file="assets/myoarm_body.xml"/>
        </body>
    </worldbody>

</mujoco>
